endpoint,drug,dose_ug_per_kg,t_min,value,sigma_used,role,source
temperature change (degC),fentanyl,100,30,-0.94,0.35,observation,digitised
temperature change (degC),fentanyl,100,60,-1.84,0.7,observation,digitised
temperature change (degC),fentanyl,100,120,-1.0,0.65,observation,digitised
temperature change (degC),fentanyl,100,240,-0.62,0.4,observation,read by eye (marker hidden)
temperature change (degC),fentanyl,100,480,-0.62,0.4,observation,read by eye (marker hidden)
temperature change (degC),pFF,100,30,-1.11,0.35,observation,digitised
temperature change (degC),pFF,100,60,-1.3,0.7,observation,digitised
temperature change (degC),pFF,100,120,-1.08,0.8,observation,digitised
temperature change (degC),pFF,100,240,-0.17,0.3,observation,digitised
temperature change (degC),pFF,100,480,0.08,0.3,observation,read by eye (marker hidden)
tail flick (%MPE),fentanyl,100,30,100.0,8.0,ceiling constraint,at the 100% ceiling (marker hidden behind another series)
tail flick (%MPE),fentanyl,100,60,100.0,8.0,ceiling constraint,at the 100% ceiling (marker hidden behind another series)
tail flick (%MPE),fentanyl,100,120,58.15,12.0,observation,digitised
tail flick (%MPE),fentanyl,100,240,24.17,12.0,observation,digitised
tail flick (%MPE),fentanyl,100,480,25.0,12.0,observation,read by eye (marker hidden)
tail flick (%MPE),pFF,100,30,100.0,8.0,ceiling constraint,at the 100% ceiling (marker hidden behind another series)
tail flick (%MPE),pFF,100,60,86.28,12.0,observation,digitised
tail flick (%MPE),pFF,100,120,69.87,14.0,observation,digitised
tail flick (%MPE),pFF,100,240,14.5,10.0,observation,digitised
tail flick (%MPE),pFF,100,480,43.17,11.0,observation,digitised
