group,t_min,delta_T_C,top,bottom,note,sem_estimate
control,0,0.0,0.0,0.0,baseline (zero by design),0.0
control,30,0.19,0.45,-0.07,,0.26
control,60,0.09,0.34,-0.16,,0.25
control,120,-0.11,0.13,-0.36,,0.25
control,240,,,,hidden behind another marker,
control,480,,,,hidden behind another marker,
fentanyl,0,0.0,0.0,0.0,baseline (zero by design),0.0
fentanyl,30,-2.42,-2.18,-2.65,,0.24
fentanyl,60,-3.6,-3.37,-3.84,,0.24
fentanyl,120,-3.51,-3.28,-4.18,,0.67
fentanyl,240,-0.26,-0.2,-0.76,partly overlapped (lower accuracy),0.5
fentanyl,480,-0.3,-0.02,-0.52,partly overlapped (lower accuracy),0.28
pFF,0,0.0,0.0,0.0,baseline (zero by design),0.0
pFF,30,-2.85,-2.74,-2.99,partly overlapped (lower accuracy),0.14
pFF,60,-4.84,-4.7,-5.1,,0.26
pFF,120,-5.26,-5.1,-5.51,partly overlapped (lower accuracy),0.25
pFF,240,-1.96,-1.75,-2.29,,0.33
pFF,480,0.33,0.54,0.13,,0.21
