scenario,Kp_fentanyl,Kp_pFF,chi2_exposure_only,chi2_with_potency,AICc_exposure_only,AICc_with_potency,rho_hat,rho_95CI_low,rho_95CI_high,n_obs,Emax_T,EC50_T,ke0_T,EC50_A,ke0_A
"S1 brain/plasma ratio, mean of 4 regions",16.39,37.22,36.01,19.04,50.3,37.5,2.13,1.76,2.42,20,6.3,736.0,0.0201,19.8,0.065
S2 absolute brain / PK-cohort plasma at 60 min,25.55,37.34,25.96,19.04,40.24,37.5,1.37,1.17,1.5,20,9.93,1958.0,0.0148,25.4,0.068
S3 no brain difference (pFF given the fentanyl ratio),16.39,16.39,19.61,19.04,33.89,37.5,0.94,0.79,1.08,20,20.0,2401.0,0.0122,13.8,0.069
"S4 as S1, finite brain equilibration (t1/2 10 min)",16.39,37.22,24.76,15.42,39.05,33.88,1.89,1.38,2.42,20,6.21,670.0,0.0299,20.3,0.306
"S5 as S1, finite brain equilibration (t1/2 30 min)",16.39,37.22,28.23,15.85,42.51,34.31,1.86,1.38,2.24,20,6.41,695.0,0.0863,28.4,2.0
S6 Hippocampus only,15.0,35.79,36.95,19.04,51.23,37.5,2.24,1.9,2.63,20,6.14,654.0,0.0208,18.5,0.065
S6 Medulla only,18.11,39.89,35.41,19.04,49.7,37.5,2.06,1.76,2.42,20,6.41,830.0,0.0197,21.6,0.065
S6 Striatum only,15.0,31.21,34.27,19.04,48.55,37.5,1.95,1.62,2.24,20,6.65,717.0,0.019,17.4,0.066
S6 Frontal Cortex only,17.45,42.01,37.12,19.04,51.4,37.5,2.26,1.9,2.63,20,6.12,757.0,0.0209,21.6,0.065
